Identifikators,Nosaukums,Žanrs,Anotācija,Valoda,Attēls,Autori,Uzņemšanas gads,Fiziskais nesējs,Ilgums,Valsts,Studija,,,,,
LNA_KFFDA_F1_1_633,Lāčplēsis,spēlfilma,"Filma ataino latviešu tautas brīvības centienus no teiksmainās Lāčplēša cīņas ar Melno bruņinieku līdz 1905. gadam, Latvijas valsts izveidošanai un un brīvības cīņām 1919. gadā. Darbība risinās divās paralēlās realitātēs, kur galvenie varoņi (Jānis Vanags un Lāčplēsis, Mirdza un Laimdota) ir gan konkrēti tēli, gan mītiski personāži, uz mītisko un vēsturisko notikumu fona atspoguļojot arī Jāņa un Mirdzas mīlas stāstu. Inscenējumā iekļautas arī autentiskas kinohronikas un vēsturisko notikumu rekonstrukcija, ieskaitot Viļa Rīdzenieka fotogrāfijā fiksēto Latvijas Republikas proklamēšanas akta rekonstrukciju. Lomās: Voldemārs Dimze (Lāčplēsis, Jānis Vanags), Lilita Bērziņa (Laimdota, Mirdza Saulīte), Osvalds Mednis (Melnais bruņinieks, Svešais), Jēkabs Upenieks (Kangars, Subjekts), Kristaps Kreicbergs (Mirdzas tēvs) u.c. Filma kā nozīmīgs Latvijas nacionālā kino agrīnā perioda sasniegums, novatorisks inscenējuma un vēsturiska dokumenta apvienojums iekļauta Latvijas kultūras kanonā.",Bez skaņas,melnbalts,"režisors, scenārija autors: Rusteiķis Aleksandrs
operators, scenārija autors: Sīlis Jānis
scenārija autors: Bērziņš Alfrēds Jēkabs
mākslinieks: Treilons Elerts",1930,35 mm kinolente,1:38:05,Latvija,Aizsargu organizācijas filma,,,,,
LNA_KFFDA_F1_1_5085,Maija un Paija,spēlfilma,"Pēc Annas Brigaderes lugas ""Maija un Paija"" motīviem. Brīnumpasaka, ar pamatpersonāžiem, kuri raksturīgi visai Eiropas folklorai - labestīga, čakla pameita, kas cieš no pamātes pārestībām, un izlutināta, slinka mātes meita. Taču Anna Brigadere savdabīgi veido savu fantastisko sižetu, liekot varonēm iet caur pazemes valstības pārbaudījumiem un atgriezties atpakaļ tēva mājās. Šī pasaka apliecina mūžīgus tautas ideālus - labā uzvaru pār ļauno, darba tikums, žēlastība, uzticība. Lomās: Elīna Siliņa (Maija), Ieva Sāviča (Paija), Lilita Ozoliņa (Pate), Hermanis Tihonovs (Varis), Inga Aizbalte un Elza Radziņa (Laima), Ēvalds Valters (Velēnu vecītis), Arvīds Ozoliņš (Kaupiņš), Pēteris Liepiņš (Samtcepure), Genādijs Gorbaņovs (Ņurga), Dzintra Klētniece (Skritala), Elita Krastiņa (Plaska), Uldis Pūcītis (Svilis) u.c.",latviešu,krāsains,"režisors: Piesis Gunārs
operators, mākslinieks: Kleins Mārtiņš
scenārija autors: Brīdaka Lija
mūzikas autors: Kalniņš Imants
mākslinieks: Mangalis Andris
fotogrāfs: Grunte Guntis",1990,35 mm kinolente,1:37:52,Latvija,Trīs,,,,,
LNA_KFFDA_F1_1_5431,Ievas paradīzes dārzs,spēlfilma,"Pēc Arvīda Griguļa romāna ""Cilvēki dārzā"" motīviem. Filma stāsta par divu jaunu mākslinieku - flautistes Ievas un iluzionista Toma romantisko jūtu cauraustu, dramatisku mīlestību. Šajās peripetijās īpašu vietu ieņem ķirurgs Duburs- neparasta personība, vīrietis pašos spēka gados, turīgs. Viņš piedāvā savu roku un sirdi Ievai. Galvenā darbības vieta ir Dubura skaistais dārzs. Intriģējošo notikumu norisēs, raksturu sadursmēs, visā filmas gaisotnē, kur sava loma arī dokumentālajiem kadriem, atklājas Latvijas 30. gadu beigas, kad sabiezē gaiss, jūtama negaisa tuvošanās. Cilvēki stingst priekšnojautās: tūlīt var atskanēt likteņa klauvējieni...Vai uz kārts jau nav likta tautas nākotne, Latvijas brīvība? Lomās: Dita Krenberga (Ieva), Valentīns Maculēvičs (Duburs), Alvis Hermanis (Toms), Sauļus Balandis, Kārlis Teihmanis, Inga Štālhūta, Rihards Rudāks, Valentīns Skulme u.c. Filma restaurēta ERAF projekta 2.kārtā 2022.gadā.","latviešu, vācu",krāsains,"režisors, scenārija autors: Krievs Arvīds
operators, scenārija autors: Sīmanis Dāvis (seniors)
mūzikas autors: Brauns Mārtiņš
mākslinieks: Mass Vasilijs
mākslinieks: Meidropa Ārija
operators: Jemeļjanovs Valdemārs
režisors: Ozere Vija",1990,35 mm kinolente,1:44:00,Latvija,Trīs,,,,,  
LNA_KFFDA_F1_1_5476,Cilvēka bērns,spēlfilma,"Filma veidota pēc Jāņa Klīdzēja romāna ""Cilvēka bērns"" motīviem. Pirmā un joprojām vienīgā Latvijas filma latgaliski. 20. gadsimta 30. gadi Latgalē. Stāsts ir par Latgales Pāvulānu ģimenes dzīvi, par tradīcijām un vērtībām, kas tiek nodotas no paaudzes uz paaudzi. Galvenais varonis Bonifācijs Pāvulāns, dzīvespriecīgais un zinātkārais Boņuks, kopš agras bērnības mācās veidot attiecības ar ģimenes locekļiem un pārējiem cilvēkiem, ar Dievu un dabu. Filma ieved mūs Latgales sētā, rādot latgaļu zemnieku gudro dzīvesziņu, darbīgo ikdienu un mazās sirds auklēto pirmo mīlestību. Lomās: Andrejs Rudzinskis (Bonifācijs), Akvelīna Līvmane (Māte), Jānis Paukštello (Tēvs), Boļeslavs Ružs (Vectēvs), Uva Segliņa (Malvīne), Inese Laizāne (Zuze), Signe Dundure (Bigī), Kristaps Streičs (Tancis), Agnese Latkovska (Paulīne), Andris Korklišs (Justs) u.c. Filmā tiek izpildītas latgaliešu tautas dziesmas un atskaņoti garīgie dziedājumi.",latviešu,krāsains,"režisors, scenārija autors: Streičs Jānis
operators: Kukels Harijs
producents: Kalniņš Rolands
mākslinieks: Zvejsalnieks Osvalds
fotogrāfs: Grunte Guntis
mūzikas autors: Bēthovens Ludvigs van
mūzikas autors: Mocarts Volfgangs Amadejs
mūzikas autors: Forē Gabriels",1991,35 mm kinolente,1:38:17,Latvija,Trīs,,,,,
LNA_KFFDA_F1_1_5586,Piejūras klimats,spēlfilma,"Filmas versija veidota no saglabātajiem filmas uzņemšanas darba materiāliem 1992. gadā. Rīgas kinostudijas filmas ražošana pēc PSRS Kinematogrāfijas komitejas pavēles 1974. gadā tika pārtraukta. Ēriks, Harijs un Guntis strādā gāzes kantorī. Pludmalē Ēriks, uzdodoties par galveno inženieri, iepazīstas ar skaistuli Dainu. Vēlāk izrādās, ka meitene ir gāzes kantora jaunā inženiere. Ēriks un Daina satiekas amatierteātra izrādē, atveidojot Kleopatras un Antonija lomu. Lomās: Ivars Kalniņš (Ēriks Riekstiņš), Regīna Razuma (Daina), Uldis Dumpis (Dunde), Pēteris Liepiņš (Guntis), Dzintars Veits (Harijs), Svetlana Bless (režisore Uztupe), Edgars Liepiņš (Zagorskis), Arnolds Liniņš (Litenko) u.c.",latviešu,krāsains,"režisors: Kalniņš Rolands
operators: Skulte Gvido
scenārija autors: Zellis Olafs
mūzikas autors: Kalniņš Imants
mākslinieks: Balodis Gunārs
fotogrāfs: Čakste Aivars",1974 līdz 1992,35 mm kinolente,0:35:33,Latvija,Trīs,,,,,
LNA_KFFDA_F8_2_1716,Salna pavasarī,spēlfilma,"Filmas pamatā ir Rūdolfa Blaumaņa noveles ""Salna pavasarī"", ""Laimes klēpī"", ""Raudupiete"". 19. gadsimta beigas Latvijā. Kalpone Madara mīl kalpu Andru, bet mantas dēļ apprec veco un bagāto Mālnieku saimnieku Miglu. Lielu māju saimnieces dzīve Madaru padara arvien cietāku un skarbāku, viņa ir nežēlīga pret savas māsas ģimeni, bet pēc vīra nāves ļauj iet bojā arī pašas dēlam, domādama, ka Matīsiņš traucē viņas laulībām ar Andru. Tomēr Andrs kopā ar Madaras māsasmeitu Lienu dodas uz pilsētu, un Madara izmisumā metas Daugavā. Lomās: Zigrīda Stungure (Madara), Oļģerts Krastiņš (Andrs), Lilita Bērziņa (Eda), Žanis Kopštāls (Migla), Karps Klētnieks (Jēkabs), Gundars Leimanis (Matīsiņš), Rudīte Kaldovska (Maija), Lidija Freimane (Ilze) u.c.",latviešu,melnbalts,"režisors: Leimanis Leonīds
operators: Gulidovs Emīls
scenārija autors: Nagornijs Semjons
mūzikas autors: Ivanovs Jānis
režisors: Armands Pāvels
scenārija autors: Vanags Jūlijs
mākslinieks: Līkums Herberts",1955,35 mm kinolente,1:26:10,Latvija,Rīgas mākslas un hronikālo filmu studija,,,,,
LNA_KFFDA_F8_2_1893,Cēloņi un sekas,spēlfilma,"Režisora Vara Krūmiņa un operatora Māra Rudzīša diplomdarbs Vissavienības Valsts kinematogrāfijas institūtā. Andreja Upīša noveles ""Cēloņi un sekas"" ekranizējums. No iepirkumu somas izveļas ola un saplīst uz ielas, izraisot notikumu virkni, kurā sapinas grāmatvedis Krustiņš, viņa līgava Ada, ministra kundze, dzejnieks, kritiķis, ministrs un citi augstāko aprindu pārstāvji... Lomās: Alfons Kalpaks (dzejnieks), Luijs Šmits (kritiķis), Kārlis Sebris (redaktors), Alfrēds Jaunušans (Krustiņš), Arnolds Milberts (Sausvēders), Emīlija Bērziņa (Sausvēdera kundze), Aija Baumane (Ada), Dzidra Ritenberga (Apmaņa kundze), Ludvigs Bārs (ministrs Apmanis), Olga Krūmiņa (Zēvalda kundze) u.c. Filma restaurēta ERAF projekta 2. kārtā 2021.gadā.",latviešu,melnbalts,"režisors: Krūmiņš Varis
operators: Rudzītis Māris
scenārija autors: Kublanovs Osvalds
mūzikas autors: Zolotonoss Nikolajs
mākslinieks: Mailītis Arturs",1956,35 mm kinolente,0:19:34,Latvija,Rīgas mākslas un hronikālo filmu studija,,,,,
LNA_KFFDA_F8_2_2199,Purva bridējs,spēlfilma,"Pēc Rūdolfa Blaumaņa lugas ""Ugunī"", noveles ""Purva bridējs"", kā arī lugu ""Pazudušais dēls"", ""Sestdienas vakars"" un stāsta ""Atriebšanās"" motīviem. 19. gadsimta beigas Latvijā. Alaines muižas kučieris Edgars mīl vešerienes meitu Kristīni, taču ir pārāk temperamentīgs, lai Kristīnes māte viņu uzskatītu par labu precinieku meitai. Muižas sulainis Vīskrelis un staļļa puisis Sutka cenšas pavedināt Edgaru uz dzeršanu un draudzību ar kroga meitu Matildi. Kristīni tikmēr bildina bagātais saimnieks Akmentiņš. Baznīcā pie altāra, jau līgavas kleitā tērpta, Kristīne tomēr atsaka Akmentiņam. Lomās: Vija Artmane (Kristīne), Uldis Pūcītis (Edgars), Elza Radziņa (Horsta madāma), Valentīns Skulme (barons), Eduards Pāvuls (Sutka), Olga Dreģe (Matilde), Lūcija Baumane (Kristīnes māte), Juris Lejaskalns (Akmentiņš), Alfons Kalpaks (Vīskrelis), Kārlis Sebris (Frišvagars), Ēvalds Valters (krodzinieks) u.c.",latviešu,melnbalts,"režisors: Leimanis Leonīds
operators: Kleins Mārtiņš
scenārija autors: Stankevičs Antons
mūzikas autors: Zariņš Marģeris
mākslinieks: Līkums Herberts
fotogrāfs: Fridrihsons Visvārs Ēriks
scenārija autors: Sīlis Jānis",1966,35 mm kinolente,1:24:30,Latvija,Rīgas kinostudija,,,,,
LNA_KFFDA_F8_2_2310,"Elpojiet dziļi…
Četri balti krekli",spēlfilma,"Muzikālā filma pēc Gunāra Priedes lugas ""Trīspadsmitā"" (""Nāc uz manām trepēm spēlēties!"") motīviem. Telefonu montieris Cēzars Kalniņš no darba brīvajā laikā sacer dziesmas, muzicēdams kopā ar draugiem izveidotajā ansamblī. Tomēr, lai ansamblis nonāktu līdz publikai, jāiziet garš atļauju saņemšanas ceļš. Kultūras komisijas locekle Anita Sondore pavirši noklausās Cēzara dziesmas un nokritizē tās, bet vēlāk vairs gribēdama nevar apstādināt dažādu sabiedrisko apspriešanu dzirnakmeni, kuru pati iekustinājusi. Lomās: Uldis Pūcītis (Cēzars Kalniņš, dzied Juris Strenga), Dina Kuple (Anita Sondore), Līga Liepiņa (Bella), Arnolds Liniņš (Miervaldis Tralmaks), Pauls Butkēvičs (Ralfs), ansamblis ""Optimisti"" (ansamblis ""Zvaigznīte""): Uldis Stabulnieks, Dzintars Beķeris, Valdis Eglītis, Gunārs Rozenbergs, Andris Vilsons, Jūlijs Vilsons u.c.",latviešu,krāsains,"režisors: Kalniņš Rolands
operators: Zvirbulis Miks
mūzikas autors: Kalniņš Imants
scenārija autors, teksta autors: Priede Gunārs
mākslinieks: Pauzers Uldis
fotogrāfs: Dzenis Juris",1967,35 mm kinolente,1:20:21,Latvija,Rīgas kinostudija,,,,,
LNA_KFFDA_F8_2_2311,Kapteiņa Enriko pulkstenis,spēlfilma,"Tomiņš parkā atrod zelta kabatas pulksteni, kurā iegravēti vārdi spāņu valodā. Lai gan kārdinošāk šķiet pulksteni pārdot un nopirkt kinokameru, puika nospriež sameklēt kapteini Enriko, kuram, viņaprāt, tas pieder, un šo ideju izklāsta arī saviem blēdīgajiem drauģeļiem Frīdim un Džekam. Frīdis pārģērbjas, uzdodas par kubiešu kapteini un saņem no Tomiņa pulksteni, bet nākamajā dienā skolā ierodas īstais laikrāža īpašnieks. Nu Tomiņam ir kauns par savu lētticību, un klasesbiedri Jugitas vadībā piesakās palīdzēt noķert blēžus. Lomās: Aivars Galviņš (Tomiņš), Agnija Infantjeva (Jugita), Egons Maisaks (Džeks), Leons Krivāns (Frīdis), Viktors Morus (Ģirts), Astrīda Gulbe (Jugitas māte), Silvestrs Ritovs (Indulis), Aivars Leimanis (Agris), Tenis Grasis (Madis), Ninuce Kaupuža (Inga), Gunārs Cilinskis (kapteinis Henriks Vanags), Ērika Ferda (Tomiņa krustmāte), Kaspars Riže (Olafs), Mārtiņš Heimrāts (Igors), Uldis Kūlainis (Egons) u.c.",latviešu,krāsains,"režisors: Lācis Ēriks
režisors: Streičs Jānis
operators: Vītols Zigurds
scenārija autors, teksta autors: Rinkule-Zemzare Dzidra
mūzikas autors: Ore Ringolds
mākslinieks: Grasmanis Laimdonis
fotogrāfs: Jansons Nikolajs",1967,35 mm kinolente,1:18:28,Latvija,Rīgas kinostudija,,,,,
LNA_KFFDA_F8_2_2314,Kad lietus un vēji sitas logā,spēlfilma,"Pēc Arvīda Griguļa romāna ""Kad lietus un vēji sitas logā"" motīviem. Pirmie pēckara gadi, čekistu cīņa ar mežabrāļiem. Pāri jūrai naktī ierodas Ansis Leinasars, kura uzdevums ir sagatavot Latvijā apvērsumu. Laiks iet, taču uzdevuma izpilde neveicas, rezidentu uz katra soļa sagaida grūtības. Viņa pēdējā cerība ir tikšanās ar mežabrāļiem baznīcā, taču tā izrādās aplenkta. Apšaudē iet bojā arī Leinasara sakarnieks, un Ansis saprot, ka arī tas bijis čekists. Lomās: Harijs Liepiņš (Leinasars), Juris Pļaviņš (Fredis), Lilita Ozoliņa (Velta), Vladimirs Kozels (Gaigals), Antonija Jansone (Pīlādziene), Helmārs Velze (Goba), Eduards Pāvuls (Karnītis), Uldis Pūcītis (Pakrastiņš), Artūrs Dimiters (Teišs), Vaironis Jakāns (Mežnieks), Alfrēds Videnieks (Kalnozols), Artūrs Kalējs (Riekstiņš), Māra Zemdega (Ruta Dumpe), Nikolajs Mūrnieks (Pilmanis) u.c.",latviešu,melnbalts,"režisors: Brenčs Aloizs
operators: Pilipsons Henrihs
scenārija autors: Braginskis Emīls
scenārija autors: Kublanovs Osvalds
mūzikas autors: Dambis Pauls
mākslinieks: Balodis Gunārs
fotogrāfs: Grunte Guntis",1967,35 mm kinolente,1:34:22,Latvija,Rīgas kinostudija,,,,,
LNA_KFFDA_F8_2_2367,Mērnieku laiki,spēlfilma,"Pēc Reiņa un Matīsa Kaudzīšu romāna ""Mērnieku laiki"" motīviem. 19. gadsimta otrā puse Slātavas un Čangalienas pagastos. Bagāto Oļiņu audžumeita Liena iemīl nabadzīgo Gaitiņu dēlu Kasparu, taču Oļiņiete grib Lienu izprecināt bagātajam Prātniekam, kurš zemes mērīšanu prot izmantot savā labā. Lienai no Kaspara piedzimst meitiņa, viņa aiziet no mājām un dzīvo pie Annužas, bet tad uzzina par Kaspara nogalināšanu, un izdara pašnāvību. Annuža atklāj Oļiņietei, ka Liena bijusi viņas īstā meita, kas ugunsgrēka laikā samainīta. Lomās: Vija Artmane (Liena), Gunārs Cilinskis (Kaspars), Eduards Pāvuls (Prātnieks), Elza Radziņa (Oļiņiete), Pēteris Cepurnieks (Oļiņš), Alfreds Jaunušans (Ķencis), Kārlis Sebris (Pāvuls), Pēteris Pētersons (Pietuka Krustiņš), Artūrs Dimiters (Feldhauzens), Harijs Liepiņš (Švauksts), Lūcija Baumane (Annuža), Anta Klints (Ilze), Herberts Aigars (Grabovskis), Kirils Martinsons (Tenis) u.c.",latviešu,krāsains,"režisors: Pūce Voldemārs
operators: Briedis Jānis
scenārija autors: Kalniņš Jānis
mūzikas autors: Zariņš Marģeris
mākslinieks: Līkums Herberts
fotogrāfs: Dzenis Juris",1968,35 mm kinolente,1:37:33,Latvija,Rīgas kinostudija,,,,,
LNA_KFFDA_F8_2_2509,Pie bagātās kundzes,spēlfilma,"Pēc Andreja Upīša romāna ""Smaidošā lapa"", noveļu ""Pie bagātās kundzes"", ""Numurs kaklā"", ""Ziedi smiltīs"" un ""Frīdis"" motīviem. 20. gadsimta 30. gadi Rīgā. Inteliģentais bezdarbnieks Oļģerts Kurmis piepelnās kā ratiņstūmējs un kopā ar savu draugu, klaidoni Frīdi, atrod dažādus nelielus darbiņus pie Kalnkājas kunga, kurš cer tikt ievēlēts Saeimā. Kurmis jūtas atbildīgs arī par jauno meiteni Emmu Kārkls, kura nesen sēdējusi cietumā par sīkām zādzībām. Emma sāk strādāt par kalponi Kalnkāju namā un kopā ar Kurmi un Frīdi izlīmē mazmājnieku partijas plakātus. Emmu atkal apcietina, nu jau par ""politisku lietu"". Lomās: Eduards Pāvuls (Oļģerts Kurmis), Līga Liepiņa (Emma Kārkls), Kārlis Sebris (Frīdis), Luijs Šmits (Kalnkājas kungs), Zigrīda Stungure (Kalnkājas kundze) u.c.",latviešu,melnbalts,"režisors, scenārija autors: Leimanis Leonīds
operators: Kleins Mārtiņš
mūzikas autors: Zariņš Marģeris
mākslinieks: Grasmanis Laimdonis
fotogrāfs: Grunte Guntis",1969,35 mm kinolente,1:39:22,Latvija,Rīgas kinostudija,,,,,
LNA_KFFDA_F8_2_2531,Vella kalpi,spēlfilma,"Pēc Rutku Tēva romāna ""Trīs vella kalpi"" motīviem. Filmu diloģijas pirmā daļa. 17. gadsimts Latvijā, zemi pārstaigā zviedru un poļu karaspēks. Rīgas rātes kungi gatavi par labu atlīdzību atdot Rīgas atslēgas jebkurai svešzemju varai, taču trīs draugi Andris, Pēteris un Ērmanis kopā ar draudzenēm Rūtu, Annu un Lēni negrib to pieļaut un mudina Rīgas iedzīvotājus cīnīties. Lomās: Haralds Ritenbergs (Andris, ierunājis Harijs Gerhards), Artūrs Ēķis (Pēteris, ierunājis Tālivaldis Āboliņš), Eduards Pāvuls (Ērmanis), Lolita Cauka (Rūta), Olga Dreģe (Anna Angere), Baiba Indriksone (Lēne), Kārlis Sebris (mācītājs Samsons), Elza Radziņa (Ģertrūde), Ingrīda Andriņa (Cecīlija), Jānis Osis (Manteifels), Zigrīda Stungure (priore Elizabete), Ēvalds Valters (Eks), Jānis Grantiņš (Daniels Rēbuss), Valentīns Skulme (ģenerālis Svensons), Voldemārs Akurāters (pulkvedis Rozenkrancs), Edgars Zīle (kapteinis Salderns), Egons Beseris (kapteinis Horns), Haralds Topsis (Klāvs Angers), Aija Baumane (čigāniete) u.c.",latviešu,krāsains,"režisors, scenārija autors: Leimanis Aleksandrs
operators: Kleins Mārtiņš
scenārija autors: Anerauds Jānis (Jānis Vaidavs)
mūzikas autors: Pauls Raimonds
mākslinieks: Grasmanis Laimdonis
fotogrāfs: Grunte Guntis",1970,35 mm kinolente,1:23:20,Latvija,Rīgas kinostudija,,,,,
LNA_KFFDA_F8_2_2535,Vārnu ielas republika,spēlfilma,"Pēc Jāņa Grīziņa garā stāsta ""Vārnu ielas republika"" motīviem. Grīziņkalna bērniem ir pašiem sava republika, kuras teritorija jāaizstāv pret Lipsta Tuliana kompāniju. Pamazām bērnu fantāzijas pasaulē ielaužas pieaugušo dzīves notikumi – 1905. gada revolūcija un pagrīdnieku darbība, kas šķiet aizraujoši noslēpumaina arī mazajiem republikāņiem. Lomās: Andris Lielais (Lurihs), Ainārs Čivčs (Janka), Angelika Kralliša (Elza), Aivars Liepiņš (Papuass), Andris Apinis (Peksis), Viktors Riepša (Rūdis), Ģirts Bērziņš (Kārlēns), Marita Turķe (Micīte), Imants Strods (Vilis) u.c.",latviešu,krāsains,"režisors: Neretniece Ada
operators: Dūdiņš Zigurds Uldis
scenārija autors: Plotnieks Jānis
mūzikas autors: Zariņš Marģeris",1970,35 mm kinolente,1:19:07,Latvija,Rīgas kinostudija,,,,,
LNA_KFFDA_F8_2_2635,Nāves ēnā,spēlfilma,"Pēc Rūdolfa Blaumaņa noveles ""Nāves ēnā"" motīviem.19. gadsimta beigas Latvijā. Zemledus zveja rit pilnā sparā, līdz zvejnieki pamana, ka ledus gabals, uz kura viņi zvejo, ir atlūzis no krasta un dodas arvien tālāk atklātā jūrā. Izsīkst pēdējie pārtikas un dzeramā ūdens krājumi. Tikai piektās dienas rītā pie apvāršņa parādās igauņu laiva, bet tajā visi nevar sakāpt – trijiem jāpaliek uz ledus, tāpēc zvejnieki velk lozes. Dzīvības briesmās atklājas cilvēku raksturi. Lomās: Eduards Pāvuls (Grīntāls), Gunārs Cilinskis (Birkenbaums), Pēteris Šogolovs (Kārlēns), Kārlis Sebris (Zaļga), Alfrēds Videnieks (vecais Dalda), Ģirts Jakovļevs (Jānis Dalda), Juris Pļaviņš (Gurlums), Roberts Zēbergs (Sīlis), Vaironis Jakāns (Skrastiņš), Egons Beseris (Skapāns), Edgars Liepiņš (Stūris), Harijs Avens (vecais Cubuks), Gunārs Placēns (Ludis Cubuks), Pēteris Auziņš (Skara), Olga Dreģe (Marija), Lūcija Baumane (vecā Daldas sieva), Astrīda Gulbe (Grīntāla sieva) u.c. Filma restaurēta ERAF projekta 1.kārtā 2018.gadā.",latviešu,melnbalts,"režisors, scenārija autors: Piesis Gunārs
operators: Kleins Mārtiņš
scenārija autors: Kalniņš Jānis
mūzikas autors: Zariņš Marģeris
mākslinieks: Līkums Herberts
fotogrāfs: Pilskalns Jānis
teksta autors: Blaumanis Rūdolfs",1971,35 mm kinolente,1:18:52,Latvija,Rīgas kinostudija,,,,,
LNA_KFFDA_F8_2_2711,Ceplis,spēlfilma,"Pēc Pāvila Rozīša romāna ""Ceplis"" motīviem. 20. gadsimta 20. gadi Latvijā. Uzņēmīgais Edgars Ceplis nodibina akciju sabiedrību, lai no Latvijas māla ražotu ķieģeļus eksportam. Viņa projektā iesaistās daudzi, cerot uz solīto milzu peļņu. Drīz Ceplis aizraujas ar sava kantora mašīnrakstītāju Austru Zīli, bet bizness tikmēr tiek atstāts novārtā. Turklāt izrādās, ka Cepļa izvēlētais māls ražošanai nav derīgs. Kamēr neviens to nav uzzinājis, Ceplis ātri savērpj intrigas, un par akciju sabiedrības vadītāju kļūst Nagaiņa znots Sausais. Lomās: Eduards Pāvuls (Ceplis), Helga Dancberga (Berta), Gunārs Cilinskis (Nagainis), Regīna Razuma (Austra Zīle), Aivars Siliņš (Edmunts Sausais), Velta Straume (Valentīna), Rolands Zagorskis (Caune), Lidija Freimane (Sausene), Artūrs Dimiters (Sesks), Uldis Dumpis (Briedis) u.c.",latviešu,krāsains,"režisors: Kalniņš Rolands
operators: Skulte Gvido
scenārija autors: Lorencs Viktors
mūzikas autors: Zariņš Marģeris
mākslinieks: Pauzers Uldis
fotogrāfs: Čakste Aivars",1972,35 mm kinolente,1:37:43,Latvija,Rīgas kinostudija,,,,,
LNA_KFFDA_F8_2_4864,Šahs briljantu karalienei,spēlfilma,"Kādā dzīvoklī atrasts sievietes līķis, aizdomas krīt uz jaunu meiteni Zentu Lazdu. Viņas advokāts Robežnieks, pārsniedzot savas pilnvaras, cenšas pats atrast vainīgo, tā apgrūtinot darbu izmeklētājiem Sokolovskim un Dolmanei. Galu galā tomēr Sokolovska pūliņu rezultātā tiek atmaskota „briljantu karaliene"" un viņas līdzzinātāji, bet starp abiem izmeklētājiem uzplaukst savstarpējas simpātijas. Lomās: Lidija Pupure (Dolmane), Gunārs Cilinskis (Sokolovskis), Uldis Dumpis (Robežnieks), Lilita Ozoliņa (Strauta), Mairita Krūmiņa (Zenta Lazda), Ints Burāns (Inuss), Irīna Tomsone (Balode), Lidija Freimane (Grūbe) u.c. Filma restaurēta ERAF projekta 1.kārtā 2018.gadā.",latviešu,melnbalts,"režisors: Brenčs Aloizs
operators: Pilipsons Henrihs
scenārija autors: Kaijaks Vladimirs
scenārija autors: Steiga Miermīlis
scenārija autors: Volfs Lazars
mūzikas autors: Dambis Pauls
mākslinieks: Līkums Herberts",1973,35 mm kinolente,1:32:06,Latvija,Rīgas kinostudija,,,,,
LNA_KFFDA_F8_2_4872,Motociklu vasara,spēlfilma,"18 gadu dzimšanas dienā Mārim vecāki uzdāvina motociklu. Kopā ar draugiem viņš dodas izbraucienā un uz šosejas apdzen kāzu mašīnu. Līgava Inese tiek apprecināta bez mīlestības, tāpēc viņa labprāt ļauj Mārim sevi nozagt un dodas viņam līdzi romantiskā ceļojumā, pārlaižot nakti nomaļās lauku mājās pie diviem vecīšiem. Nākamo nakti viņi pavada mežā pie ugunskura, un no rīta Inese ir pazudusi, bet Māris zvēr atrast viņu un pierādīt savu tikko dzimušo mīlestību. Lomās: Inese Jansone (Inese), Pēteris Gaudiņš (Māris) u.c. Filma restaurēta ERAF projekta 1.kārtā 2018.gadā.",latviešu,melnbalts,"režisors: Brauns Uldis
operators: Seleckis Ivars
operators: Zalcmanis Kalvis
scenārija autors: Jakubāns Andris
scenārija autors: Ansons Elmārs
mūzikas autors: Zariņš Marģeris
mākslinieks: Pauzers Uldis
fotogrāfs: Pilskalns Jānis",1975,35 mm kinolente,1:11:07,Latvija,Rīgas kinostudija,,,,,
LNA_KFFDA_F8_2_4878,Dāvana vientuļai sievietei,spēlfilma,"Autozagļu banda uzzina, ka lauku mājas saimniecei Kņopienei brālis uzdāvinājis volgu. Ādolfs un Spuļģis maskējas par veterinārārstiem un mēģina mašīnu nozagt, bet večiņa izrādās tīri sprigana un tik viegli neļaujas piekrāpties. Vētrainie piedzīvojumi beidzas somu pirtī, kur atklājas, ka Kņopiene patiesībā ir pārģērbta milicijas leitnante Gita un tā bijusi rūpīgi izplānota zagļu ķeršanas operācija. Lomās: Vija Artmane (Kņopiene-Gita), Leons Krivāns (Spuļģis), Egons Maisaks (Kronis), Helēna Romanova (Lora), Harijs Liepiņš (Zero), Eduards Pāvuls (Sietiņš), Velta Skurstene (Sietiņiete) u.c. Filmā dziesmas izpilda Nora Bumbiere un Viktors Lapčenoks.",latviešu,krāsains,"režisors: Lācis Ēriks
operators: Vītols Zigurds
scenārija autors: Vāczemnieks Laimonis
mūzikas autors: Pauls Raimonds
mākslinieks: Pauzers Uldis
fotogrāfs: Rubcovs Vladimirs",1973,35 mm kinolente,1:13:07,Latvija,Rīgas kinostudija,,,,,
LNA_KFFDA_F8_2_4882,Ābols upē,spēlfilma,"Filma stāsta par Zaķusalu – patriarhāla dzīves modeļa saliņu strauji augošās Rīgas vidū, tomēr apkārt bangojošā industrializācija nenovēršami ielaužas arī Zaķusalā. Pamatā filma ir vides vērojums, galvenie varoņi – Janka un Anita – ir tikai notikumu katalizatori, taču pamazām uzmanības centrā nonāk arī viņu mīlas stāsts. Lomās: Akvelīna Līvmane (Anita), Ivars Kalniņš (Janka). Filmā tekstu lasa Boriss Podnieks.",latviešu,krāsains,"režisors, scenārija autors: Freimanis Aivars
operators: Sīmanis Dāvis (seniors)
mūzikas autors: Plakidis Pēteris",1974,35 mm kinolente,1:19:34,Latvija,Rīgas kinostudija,,,,,
LNA_KFFDA_F8_2_5008,Tās dullās Paulīnes dēļ,spēlfilma,"Pēc Vizmas Belševicas stāsta ""Tās dullās Paulīnes dēļ"" motīviem. Režisores Vijas Ramānes (Beinerte) diplomdarbs. Divas pavecas māsas – Paulīne un Līzbete – kāzas savā mūžā nav piedzīvojušas, un Paulīne nospriež, ka tad vismaz bērēm jābūt lepnām. Māsas sāk pelnīt naudu ar sēnēm un ogām, sapērk dārgus audumus kleitām un smalkas parūkas, bet Paulīnei kļūst žēl, ka pati to skaistumu nemaz neredzēs. Viņa nolemj sarīkot bēru ģenerālmēģinājumu un izsaukt fotogrāfu, lai to iemūžina. Paulīne iekārtojas zārkā. Gaidot fotogrāfu, viņa iemieg, bet fotogrāfs ir pārliecināts, ka fotografē nelaiķi. Kad, reaģējot uz fotogrāfa izteiktajiem komplimentiem, nelaiķe zārkā apsēžas un sāk runāt, fotogrāfs paģībst. Lomās: Lilita Bērziņa (Paulīne), Lidija Freimane (Līzbete), Ēvalds Valters (fotogrāfs), Svetlana Bless (Maiga), Ārijs Geikins (Fredis) u.c. Filma restaurēta ERAF projekta 2.kārtā 2021. gadā.",latviešu,krāsains,"režisors: Beinerte Vija
operators: Zvirbulis Miks
scenārija autors: Lapiņš Alvis
mūzikas autors: Vīgners Ivars
mākslinieks: Pauzers Uldis
fotogrāfs: Blumbergs Arnis",1979,35 mm kinolente,0:26:01,Latvija,Rīgas kinostudija,,,,,
LNA_KFFDA_F8_2_5046,Agrā rūsa,spēlfilma,"Pēc Elīnas Zālītes romāna ""Agrā rūsa"" motīviem. Trīsdesmito gadu sākums Latvijā, nabadzīga lauku meitene Elza ierodas Rīgā un kļūst par inteliģento bezdarbnieci. Viņu bildina bagātais, bet pavecais Ķikuļa kungs. Elza cer uz jaunu un skaistu dzīvi, tomēr nespēj iemīlēt veco vīru. Drīz viņa iemīlas svešiniekā, kurš izrādās Ķikuļa kunga dēls Italo, tomēr pilnīgas laimes vietā Elza nokļūst uz apsūdzēto sola par vīra slepkavību. Lomās: Rimante Krilavičute (Elza), Oļģerts Dunkers (Ķikulis), Ivars Kalniņš (Italo), Gunārs Cilinskis (Straujups), Aigars Vilims (Jānis), Ērika Ferda (Cimbara kundze), Dina Kuple (Elzas māte) u.c. Filma restaurēta ERAF projekta 1.kārtā 2018.gadā.",latviešu,krāsains,"operators: Skulte Gvido
scenārija autors: Brīdaka Lija
režisors: Cilinskis Gunārs
mākslinieks: Merkmanis Andris
fotogrāfs: Pilskalns Jānis",1979,35 mm kinolente,1:37:37,Latvija,Rīgas kinostudija,,,,,
LNA_KFFDA_F8_2_5050,Akmeņainais ceļš,spēlfilma,"Pēc Viļa Lāča romāna ""Akmeņainais ceļš"" motīviem. 20. gadsimta 30. gadu Latvija. Ostas krāvēja dēls Roberts Līviņš pats saviem spēkiem, ar smagu darbu un talantu izcīna arhitekta diplomu, taču attiecībās ar bagātā uzņēmēja Ulpes meitu Līviju saprot, ka augstākajai sabiedrībai nepatiks viņa izcelsme, arī māsa Alise, vienkārša friziere, un viņas draugs, avantūrists un izbijis bokseris Ēriks. Lomās: Andrejs Žagars (Roberts Līviņš), Vizma Ozoliņa (Līvija Ulpe), Andris Bērziņš (Ēriks Buliņš), Regīna Razuma (Alise Līviņa), Juris Rijnieks (Valfrīds Ulpe) u.c. Filma restaurēta ERAF projekta 1.kārtā 2018.gadā.",latviešu,krāsains,"režisors: Kalniņš Rolands
operators: Zvirbulis Miks
scenārija autors: Līvs Egons 
mūzikas autors: Kalniņš Imants
mākslinieks: Romanova Ieva
fotogrāfs: Griķis Ojārs",1983,35 mm kinolente,1:32:50,Latvija,Rīgas kinostudija,,,,,
LNA_KFFDA_F8_2_5061,Dāvanas pa telefonu,spēlfilma,"Vilciena mašīnistam Pētersonam kāds nepazīstamais sāk regulāri ieskaitīt naudu krājkases kontā. Ar laiku Pētersons uzzina, ka šī nauda viņam tiek maksāta par līdzdalību noziegumā. Viņš pats sāk savu izmeklēšanu. Lomās: Stass Petronaitis (Pētersons), Eugenija Pleškīte (sekretāre Tamāra), Helga Dancberga (Pētersona šķirtā sieva Mirdza), Harijs Liepiņš (direktors Roze), Pauls Butkēvičs (Edelmanis), Pēteris Liepiņš (Zigis), Juris Kaminskis (Frants), Ints Burāns (Kruglovs), Gunārs Cilinskis (milicijas pulkvedis) u.c. Filma restaurēta ERAF projekta 1.kārtā 2018.gadā.","latviešu, krievu",krāsains,"režisors: Brenčs Aloizs
operators: Zvirbulis Miks
scenārija autors: Kolbergs Andris
mūzikas autors: Pauls Raimonds
mākslinieks: Balodis Gunārs",1977,35 mm kinolente,1:37:59,Latvija,Rīgas kinostudija,,,,,
LNA_KFFDA_F8_2_5067,Dzīvīte. 1. sērija,spēlfilma,"Filma veltīta Dainu tēva Krišjāņa Barona piemiņai, viņa mūža darbam. Dainas – latviešu tautas dzīves enciklopēdija, gadsimtos krātās gudrības poētisks atspulgs – veido mūsu kultūras pamatus. Darbs pie dainām prasīja lielu pašaizliedzību un milzīgu erudīciju, ko Krišjānis Barons bija ieguvis, ilgus gadus izglītodamies un strādādams Krievijā – Pēterburgā, Maskavā un Voroņežas guberņā muižnieka Stankēviča ģimenē. Dainu tēva mūža gājums, kas filmā cieši savijas ar tautas dziesmās tverto cilvēka dzīves ritējumu, pauž mūsu tautas nacionālās pašapziņas atmodu, kultūras izaugsmi un tās mijietekmi ar citu tautu kultūrām. Lomās: Valdemārs Zandbergs un Leonīds Grabovskis (Krišjānis Barons), Velta Līne un Indra Briķe (Dārta), Juris Bartkevičs (Krišjānis Valdemārs), Ivars Brakovskis (Krišjāņa tēvs Juris), Dace Eversa (Krišjāņa māte), Alvis Hermanis (Juris Alunāns), Dita Krenberga (Veronika), Vizma Kvēpa (Līna Barona), Juris Žagars (Linards Laicens), Pēteris Lūcis (Augusts Dombrovskis) u.c.",latviešu,krāsains,"režisors, scenārija autors: Freimanis Aivars
operators: Eglītis Valdis
mūzikas autors: Brauns Mārtiņš
scenārija autors: Peters Jānis
mākslinieks: Romanova Ieva
fotogrāfs: Jansons Māris
fotogrāfs: Ilzēns Valdis",1989,35 mm kinolente,1:31:06,Latvija,Rīgas kinostudija,,,,,
LNA_KFFDA_F8_2_5067,Dzīvīte. 2. sērija,spēlfilma,"Filma veltīta Dainu tēva Krišjāņa Barona piemiņai, viņa mūža darbam. Dainas – latviešu tautas dzīves enciklopēdija, gadsimtos krātās gudrības poētisks atspulgs – veido mūsu kultūras pamatus. Darbs pie dainām prasīja lielu pašaizliedzību un milzīgu erudīciju, ko Krišjānis Barons bija ieguvis, ilgus gadus izglītodamies un strādādams Krievijā – Pēterburgā, Maskavā un Voroņežas guberņā muižnieka Stankēviča ģimenē. Dainu tēva mūža gājums, kas filmā cieši savijas ar tautas dziesmās tverto cilvēka dzīves ritējumu, pauž mūsu tautas nacionālās pašapziņas atmodu, kultūras izaugsmi un tās mijietekmi ar citu tautu kultūrām. Lomās: Valdemārs Zandbergs un Leonīds Grabovskis (Krišjānis Barons), Velta Līne un Indra Briķe (Dārta), Juris Bartkevičs (Krišjānis Valdemārs), Ivars Brakovskis (Krišjāņa tēvs Juris), Dace Eversa (Krišjāņa māte), Alvis Hermanis (Juris Alunāns), Dita Krenberga (Veronika), Vizma Kvēpa (Līna Barona), Juris Žagars (Linards Laicens), Pēteris Lūcis (Augusts Dombrovskis) u.c.",latviešu,krāsains,"režisors, scenārija autors: Freimanis Aivars
operators: Eglītis Valdis
mūzikas autors: Brauns Mārtiņš
scenārija autors: Peters Jānis
mākslinieks: Romanova Ieva
fotogrāfs: Jansons Māris
fotogrāfs: Ilzēns Valdis",1989,35 mm kinolente,1:31:47,Latvija,Rīgas kinostudija,,,,,
LNA_KFFDA_F8_2_5069,Ezera sonāte,spēlfilma,"Pēc Regīnas Ezeras romāna ""Aka"" motīviem. Pilsētnieks Rūdolfs atvaļinājuma laiku grib pavadīt lauku klusumā un mierā, pie ezera… Tur viņš satiek skolotāju Lauru - divu bērnu māti, kuras vīrs ir cietumā. Rūdolfs nepaliek vienaldzīgs, arī Laura atsaucas viņa jūtām. Laurai sākas dziļš iekšējs konflikts - viņa nespēj atteikties no jaunā jūtu sabangojuma, nespēj nedomāt par Rūdolfu, bet saprot arī, ka nedrīkst nodot savu vīru Riču, kas cietumā izcieš sodu par satiksmes negadījumu. Rūdolfā iemīlas arī Vija – Lauras vīra māsa, kas savas jūtas necenšas slēpt un izaicinoši cīnās par rīdzinieka uzmanību. Savs sūrs dzīvesstāsts ir arī Lauras vīra mātei Alvīnei. Lomās: Astrīda Kairiša (Laura), Gunārs Cilinskis (Rūdolfs), Lilita Ozoliņa (Vija), Ģirts Jakovļevs (Ričs), Lidija Freimane (Riča māte Alvīne), Egīls Veseris (Māris), Ineta Apoga (Zaiga) u.c.","latviešu, krievu",krāsains,"režisors: Brasla Varis
operators: Skulte Gvido
scenārija autors: Ezera Regīna
mūzikas autors: Kalniņš Imants
režisors, scenārija autors: Cilinskis Gunārs
mākslinieks: Merkmanis Andris
fotogrāfs: Veisbārdis Aleksandrs",1976,35 mm kinolente,1:32:23,Latvija,Rīgas kinostudija,,,,,
LNA_KFFDA_F8_2_5070,Fotogrāfija ar sievieti un mežakuili,spēlfilma,"Caurstaigājamā daudzstāvu nama pagalmā nošauts jaunais fotogrāfs Rūdolfs Dimda, kas dzīvoja šeit komunālajā dzīvoklī. Slepkavības izmeklēšanā uzmanības lokā nokļūst vairāki cilvēki, to skaitā noslepkavotā kaimiņš Kārlis Valders, kas no dienesta Afganistānā atgriezies kā invalīds. Pakāpeniski noskaidrojas, ka noslepkavotā šķirteņa dzīvesveids sagādājis Kārlim morālas ciešanas, it īpaši pēc jaunās skolotājas Judītes Žīrakas parādīšanās, kurai Kārļa jūtās jau agrāk bijusi īpaša loma. Judīte ir precējusies, taču viņas attiecības ar vīru ir visai sarežģītas. Tādēļ Kārļa atzīšanās slepkavībā izmeklētāju Konrādu Ulfu nepārliecina. Viņš turpina meklēt medību bisi, no kuras tika izdarīts liktenīgais šāviens, zinot, ka tā atklās arī īsto slepkavu.Lomās: Alvis Hermanis (Kārlis Valders), Mirdza Martinsone (Judīte Žīraka), Pēteris Gaudiņš (Rūdolfs Dimda), Sauļus Balandis (Konrāds Ulfs), Elza Radziņa (Paula), Ivars Kalniņš (Zigurds Žīraks), Inese Pabērza (Cilda Dimda) u.c. Filma restaurēta ERAF projekta 1.kārtā 2019.gadā.","latviešu, krievu",krāsains,"režisors: Krievs Arvīds
operators: Sīmanis Dāvis (seniors)
scenārija autors: Kolbergs Andris
mūzikas autors: Brauns Mārtiņš
mākslinieks: Mass Vasilijs
fotogrāfs: Grunte Guntis",1987,35 mm kinolente,1:39:57,Latvija,Rīgas kinostudija,,,,,
LNA_KFFDA_F8_2_5074,Īsa pamācība mīlēšanā,spēlfilma,"Filma pēc Rūdolfa Blaumaņa stāstu motīviem. 19. gadsimta beigas Latvijā. Viļņu Jānim pienācis laiks precēties, bet kā lai noskaidro, kura būs vislabākā sieva? Jānis nolemj izlikties, ka baznīcas zvana skaņas viņu padarījušas kurlu, un apbraukā apkārtnes meitas, visās mājās dzirdēdams to, kas preciniekam nemaz nebūtu jādzird. Tikai kalēja māsa Ilze uztraucas par to, kā nabaga slimnieku varētu atkal darīt veselu. Lomās: Rolands Zagorskis (Jānis), Esmeralda Ermale (Ilze), Eduards Pāvuls (Pakuls), Uldis Pūcītis (Vējš), Maija Eglīte (Vēja meita Alīde), Diāna Zande (krodzinieka meita Roze), Anda Zaice (krodzinieka meita Magone), Lilita Ozoliņa (Anne), Ērika Ferda (Annes māte), Laimdota Šurkusa (Zaplīze), Gunārs Placēns (Visvaris) u.c.",latviešu,krāsains,"režisors, scenārija autors: Krenbergs Imants
operators: Seleckis Ivars
scenārija autors: Liniņš Arnolds
mūzikas autors: Pauls Raimonds
mākslinieks: Rožlapa Dailis
fotogrāfs: Lavrinovičs Valdis",1982,35 mm kinolente,1:22:09,Latvija,Rīgas kinostudija,,,,,
LNA_KFFDA_F8_2_5082,Liekam būt,spēlfilma,"Veidota pēc A. Kolberga tāda paša nosaukuma romāna motīviem. Voldemārs Vīters pēc septiņiem cietumā pavadītiem gadiem atgriežas brīvībā. Viņam ir 46 gadi un vairāk arī nekā – ne ģimenes, ne darba. Daži no viņa vecajiem draugiem atteikušies no krimināli sodāmām nodarbēm, milicis Leo Aleksandrs cenšas pierunāt Voldi aizmirst pagātni, uz to mudina arī iepazīšanās ar skaisto taksometra šoferi Irēnu. Tomēr zādzību organizators Teksis ierosina aplaupīt juvelierveikalu, un Voldis piekrīt, domādams, ka tā būs pēdējā reize, pēc kuras viņš sāks jaunu dzīvi. Lomās: Vītauts Tomkus (Voldemārs Vīters), Valdemārs Zandbergs (Leo Aleksandrs), Astrīda Kairiša (Irēna), Harijs Liepiņš (Taksists), Helga Dancberga (Princese), Uldis Pūcītis (Petkas), Uldis Dumpis (Arnis) u.c. Filma restaurēta ERAF projekta 1.kārtā 2018.gadā.",latviešu,melnbalts,"režisors: Brenčs Aloizs
operators: Pīks Rihards
scenārija autors: Kolbergs Andris
mūzikas autors: Vīgners Ivars
mākslinieks: Balodis Gunārs
fotogrāfs: Tjurina Ludmila
operators: Egle Uģis",1976,35 mm kinolente,1:39:42,Latvija,Rīgas kinostudija,,,,,
LNA_KFFDA_F8_2_5084,Limuzīns Jāņu nakts krāsā,spēlfilma,"Filma veidota pēc Māras Svīres stāsta ""Limuzīns Jāņu nakts krāsā"" motīviem.. Veca lauku sieviņa Saknīšu Mirta loterijā laimē žiguli, un viņas mājās tūlīt sarodas radinieki, kas līdz tam par večiņu nemaz neinteresējās; Mirtas vienīgie palīgi bija daudzskaitlīgā kaimiņu Giluču ģimene. Brāļa dēls Ēriks ar sievu un dēlu vai bijusī vedekla Olita ar vīru un meitu labprāt tiktu pie mašīnas, un katrs cenšas Mirtas tanti pārvilkt savā pusē, bet pirms nāves viņa atceras par savu jaunības pielūdzēju Pigalu Prīdi. Lomās: Lilita Bērziņa (Mirtas tante), Olga Dreģe (Dagnija Tūtere), Uldis Dumpis (Ēriks Tūters), Gundars Āboliņš (Uģis Tūters), Baiba Indriksone (Olita Sprēsliņa), Boļeslavs Ružs (Viktors Sprēsliņš), Diāna Zande (Lāsma Sprēsliņa), Līga Liepiņa (Veronika Giluce), Romualds Ancāns (Jāzps Gilucis), Ēvalds Valters (Pigalu Prīdis) u.c.",latviešu,krāsains,"režisors: Streičs Jānis
operators: Kukels Harijs
scenārija autors: Svīre Māra
mūzikas autors: Pauls Raimonds
mākslinieks: Mass Vasilijs
fotogrāfs: Grunte Guntis",1981,35 mm kinolente,1:28:05,Latvija,Rīgas kinostudija,,,,,
LNA_KFFDA_F8_2_5086,Mans draugs - nenopietns cilvēks,spēlfilma,"Arvīds Lasmanis nevienā darbavietā ilgi neturas, jo nevar pieņemt paviršu un negodīgu attieksmi pret darbu. Tomēr sieva un divi puikas prasa ēst, un Arvīds atrod ienesīgu haltūru – kaprača darbu. Sievasmātes līgavainis Ciekurs iekārto Arvīdu paša vadītajā siltumtīkla remontbrigādē, bet dažiem jaunajiem darbabiedriem Arvīda godīgums un principialitāte nepatīk. Arī sieva pārmet, ka viņš neprotot dzīvot un ģimenei jāsaspiežas komunālā dzīvokļa istabiņā, bet darbā izceļas konflikts, jo Arvīds paziņo, ka siltumtrasē neliks sarūsējušas caurules. Lomās: Jānis Paukštello (Arvīds Lasmanis), Gaļina Maculeviča (Inta), Jānis un Valdis Liepiņi (Lasmaņu bērni), Dzidra Ritenberga (Mirdza), Aleksejs Mihailovs (Ciekurs), Lilita Bērziņa (Andersone), Ēvalds Valters (Čakāns), Oļģerts Dunkers (Šefs) u.c.",latviešu,krāsains,"režisors: Streičs Jānis
operators: Zvirbulis Miks
scenārija autors: Gorohovs Aleksandrs
mūzikas autors: Pauls Raimonds
mākslinieks: Šildknehts Viktors
fotogrāfs: Pilskalns Jānis
režisors: Ružs Boļeslavs
operators: Resnais Modris",1975,35 mm kinolente,1:36:42,Latvija,Rīgas kinostudija,,,,,
LNA_KFFDA_F8_2_5102,Puika,spēlfilma,"Pēc Jāņa Jaunsudrabiņa stāstu krājuma ""Baltā grāmata"" motīviem. 19. gadsimta beigas Latvijā. Mūsmājās kopā ar māti, vectēvu un vecmāti dzīvo mazais kalpa dēlēns Jancis, viņa pasaule nesniedzas tālāk par apvārsni un dzīve rit saskaņā ar dabas cikliem – no ziemas caur pavasari, vasaru un rudeni līdz jauniem Jurģiem. Lomās: Indars Lācis (Jancis), Māra Rence (Māte), Zigrīda Lorence (Vecāmāte), Pēteris Martinsons (Vectēvs), Edgars Liepiņš (Klibais Jurks), Uldis Vazdiks (Saimnieks), Astrīda Vecvagare (Saimniece), Aigars Gertners (saimnieku Jānis), Ārija Stūrniece (Mare), Rolands Zagorskis (Miks), Raitis Pastors (Otiņš). Filma restaurēta ERAF projekta 1.kārtā 2018.gadā.",latviešu,krāsains,"režisors, scenārija autors: Freimanis Aivars
operators: Sīmanis Dāvis (seniors)
mūzikas autors: Brauns Mārtiņš
scenārija autors: Ziedonis Imants
mākslinieks: Antone Ināra
fotogrāfs: Blumbergs Arnis
režisors: Ružs Boļeslavs
operators: Jemeļjanovs Valdemārs",1977,35 mm kinolente,1:32:50,Latvija,Rīgas kinostudija,,,,,
LNA_KFFDA_F8_2_5108,Sprīdītis,spēlfilma,"Pēc Annas Brigaderes pasaku lugas ""Sprīdītis"" motīviem. Ko tik gan visu Sprīdītis nepiedzīvo, gan Vēja mātes dēlus uzraugot, gan pieveicot milzi Lutausi, gan Sīkstuli. Ar brīnumsvilpīti un sprunguliņu bruņots, Sprīdītis dodas uz karaļpili, uzveic velnu un atbrīvo pili no nelabā varas. Tik daudz svešās malās piedzīvojis Sprīdītis saprot, ka ne karaļvalsts, ne princese Zeltīte viņam laimi neatnesīs, jo cilvēka īstā vieta ir viņa dzimtajā zemē, tuvinieku vidū. Lomās: Ronalds Neilands (Sprīdītis), Dace Gasjuna (Lienīte), Dzintra Klētniece (Pamāte), Elvīra Baldiņa (Vecmāmiņa), Zdeneks Ržegoržs (Karalis), Miroslava Součkova (princese Zeltīte), Miroslavs Horačeks (Velns), Antra Liedskalniņa (Ragana), Juris Strenga (Sīkstulis), Anda Zaice (Kalpone), Astrīda Kairiša (Vēja māte), Mirdza Martinsone (Meža māte), Miroslavs Moravecs (Lutausis) u.c. Dziesmu teksta autore Māra Zālīte.",latviešu,krāsains,"režisors, scenārija autors: Piesis Gunārs
operators: Kleins Mārtiņš
mūzikas autors: Kalniņš Imants
mākslinieks: Mailītis Ivars
fotogrāfs: Pilskalns Jānis
operators: Krievs Gunārs",1985,35 mm kinolente,1:24:32,Latvija,Rīgas kinostudija,,,,,
LNA_KFFDA_F8_2_5110,Svešās kaislības,spēlfilma,"Filmas pamatā ir lietuviešu rakstnieka Mīkola Slucka romāns ""Svešās kaislības"". Pēckara periods Latvijas pierobežā. Lietuviešu meitene Marīte Valdmaņu saimniecībā uzmeklējusi savu radinieku Antanu. Viņš bijis bagātās saimniecības kalps un saimnieces mīļākais, bet no kara atgriezies, cerēdams iegūt pēc iespējas vairāk labuma no vecās pasaules sabrukšanas. Pa šo laiku pieaugusi saimnieces meita Ausma, un Antanam viņa šķiet daudz iekārojamāka nekā bijusī mīlestība. Lomās: Vija Artmane (Anna), Vizma Ozoliņa (Ausma), Zane Jančevska (Marīte), Aļģirds Paulāvičs (Antans), Leonīds Oboļenskis (Valdmanis), Jānis Paukštello (Ezeriņš), Andris Morkāns (Imants) u.c.",latviešu,krāsains,"režisors, scenārija autors: Streičs Jānis
operators: Kukels Harijs
mūzikas autors: Stabulnieks Uldis
mākslinieks: Balodis Gunārs",1983,35 mm kinolente,1:31:42,Latvija,Rīgas kinostudija,,,,,
LNA_KFFDA_F8_2_5113,Šīs bīstamās balkona durvis,spēlfilma,"Bērnībā Rolands aiz spītības nolēcis no balkona un salauzis kāju, tāpēc viņa vecāku savrupmājā balkona durvis ir aiznaglotas. 18 gadu vecumā puisis un viņa klasesbiedri aizraujas ar amatierfilmēšanu, un Rolanda dzimšanas dienā tiek demonstrēts ar slēpto kameru filmēts sižets par meiteni, kas veltīgi gaida puisi. Medmāsa Inga pazīst meitenē pacienti, kas ar ātro palīdzību atvesta uz slimnīcu, un noskaidrojas, ka puiši pret viņu izturējušies nežēlīgi. Lomās: Antra Liedskalniņa (Anita Pumpure), Viktors Lorencs (Viktors Pumpurs), Varis Vētra (viņu dēls Rolands), Ligita Skujiņa (Inga), Pēteris Gaudiņš (Normunds), Jānis Makovskis (Žanis), Esmeralda Ermale (Marina), Mirdza Martinsone (Edīte), Andris Bērziņš (Ēriks), Ligita Dēvica (Marga), Anita Kvāla (Terēze). Filma restaurēta ERAF projekta 2.kārtā 2022.gadā.",latviešu,krāsains,"režisors: Ritenberga Dzidra
operators: Pilipsons Henrihs
scenārija autors: Parševska Broņislava
scenārija autors: Streičs Jānis
mūzikas autors: Kalsons Romualds
mākslinieks: Līkums Herberts
fotogrāfs: Blumbergs Arnis
operators: Svešņikovs Valentīns",1976,35 mm kinolente,1:27:10,Latvija,Rīgas kinostudija,,,,,
LNA_KFFDA_F8_2_5391,Cilvēka dienas,spēlfilma,"Filma veidota pēc rakstnieka Andreja Bitova stāstu motīviem. Darba centrā ir galvenā varoņa - Alekseja Infantjeva iekšējā pasaule - dzīves uztvere, jūtas, sapņi. Tā ir vāja cilvēka drāma, neizdevusies dzīve, kas tomēr varēja būt citāda. Caur Infantjeva biogrāfiju raksturoti arī mūsu sabiedrības svarīgākie momenti 1954. - 1955. , 1967. un 1988. gados. Lomās: Ļubomirs Laucāvičs (Infantjevs), Vitālijs Skvorkins (Infantjevs jaunībā), Ludmila Maksakova (Infantjeva māte), Natālija Lapina (Asja), Olga Šepicka (Asjas dubultniece), Fjodors Korotja (Infantjevs bērnībā), Gaļina Strutinskaja (Ļenočka), Oļģerts Dunkers (Teofilovs) u.c. Filma restaurēta ERAF projekta 2.kārtā 2022.gadā.",krievu,krāsains,"režisors: Paškēvičs Jevgeņijs
operators: Sīmanis Dāvis (seniors)
scenārija autors: Solovjovs Sergejs
mūzikas autors: Kasjaņiks Jurijs
mākslinieks: Mass Vasilijs",1989,35 mm kinolente,2:48:31,Latvija,Rīgas kinostudija,,,,,
LNA_KFFDA_F8_2_5612,Akmens un šķembas,spēlfilma,"Viena no retajām padomju perioda filmām, kurā skarta tolaik bīstamā un aizliegtā latviešu leģionāru tēma. Trīs draugus – Jāni, Zigi un Ričardu – Otrā pasaules kara laikā iesauc Latviešu leģionā, viņi cīnās Volhovas purvos. Zigis krīt, mēģinādams pāriet padomju armijas pusē. Divdesmit gadus vēlāk satiekas abi pārējie draugi: Jānis ir palicis Latvijā, Ričards iebrauc dzimtenē no ārzemēm. Kara laikā, lai glābtu draugu, viņš nošāva sarkanarmieti, bet tagad saprot, ka zaudējis visu – Antras mīlestību, draugu un dzimteni. Lomās: Antra Liedskalniņa (Antra), Harijs Liepiņš (Jānis Kalniņš), Eduards Pāvuls (Ričards Zanders), Pauls Butkēvičs (Zigis Purmalis), Juris Pļaviņš (leitnants), Uldis Pūcītis (Alfons), Hermanis Vazdiks (Jāņa tēvs), Astrīda Vecvagare (Jāņa māsa) u.c. 1966. gada pavasarī, kad filma ""Akmens un šķembas"" gandrīz bija pabeigta, radošajai komandai aizliedza turpināt darbu. Filma padomju Latvijā demonstrēšanai tika aizliegta, tomēr filmu ar mainītu nosaukumu ""Es visu atceros, Ričard!"" PSRS Valsts kinematogrāfijas komiteja pieņēma, un Krievijas kinoteātros to demonstrēja. Latvijā filmu ar nosaukumu ""Es visu atceros, Ričard!"" atsāka demonstrēt tikai 1986. gadā. Filmas režisora atjaunota versija tapa 1991. gadā ar sākotnējo nosaukumu ""Akmens un šķembas"".",latviešu,melnbalts,"režisors: Kalniņš Rolands
operators: Zvirbulis Miks
scenārija autors: Lorencs Viktors
mūzikas autors: Gedravičs Ļudgards
mākslinieks: Balodis Gunārs
fotogrāfs: Dzenis Juris",1966,35 mm kinolente,1:26:34,Latvija,Rīgas kinostudija,,,,,
LNA_KFFDA_F80_1_92,Vakara variants,spēlfilma,"Mazpilsētas skolotājai Annai ir 38 gadi un viņa arvien biežāk aizdomājas, kā dzīvot tālāk. Viņa sapņo nevis par precēšanos, bet par bērnu, un dzīve piespēlē iespēju. Anna uzskata, ka attiecībām ar iebraucēju Viktoru nebūs turpinājuma, jo viņam citā pilsētā ir sieva un dēls, taču Viktors tik ļoti aizrāvies ar nejauši satikto sievieti, ka gatavs mainīt visu savu dzīvi. Annai jāizlemj, vai viņa grib savu laimi būvēt uz citu cilvēku nelaimes. Lomās: Astrīda Kairiša (Anna Medne), Romans Gromadskis (Viktors), Indra Burkovska (Ieva), Juris Žagars (Juris), Lelde Vikmane (Jūlija), Ligita Skujiņa (Annas māsa), Nikolajs Ērglis (Plaudis) u.c. Filma restaurēta ERAF projekta 2.kārtā 2022.gadā.","latviešu, krievu",krāsains,"režisors: Ritenberga Dzidra
operators: Skulte Gvido
scenārija autors: Parševska Broņislava
scenārija autors: Dozorcevs Vladlens
mūzikas autors: Kaminskis Valters
mākslinieks: Rožlapa Dailis",1980,35 mm kinolente,1:27:46,Latvija,Rīgas kinostudija,,,,,
LNA_KFFDA_F136_1_5,Ziemassvētku jampadracis,spēlfilma,"Filma pēc vācu rakstnieces Agneses Zaperes stāsta ""Cīrulīši"" motīviem. 20. gadsimta 30. gadi. Cīrulīšu ģimenē ir pieci bērni, bet tēvs Valdemārs ir mūzikas skolotājs, kurš ar klavierstundām nevar nopelnīt pietiekami daudz naudas, lai uzturētu ģimeni un samaksātu dzīvokļa īri. Naudas nepietiek arī biļetēm uz mazā brīnumbērna Raimonda koncertu. Bērni labprāt atrisinātu šo situāciju, bet viss izvēršas lielā juceklī... Lomās: Jānis Paukštello (tēvs), Dace Eversa (māte), Edgars Eglītis (Jancis), Līga Zostiņa (Mildiņa), Lāsma Zostiņa (Marija), Liene Zostiņa (Anna), Ilmārs Zostiņš (Vilis), Nora Bidere (Konkordija), Kaspars Ādamsons (Raimonds) u.c.","latviešu, krievu, vācu",krāsains,"režisors: Brasla Varis
operators: Sīmanis Dāvis (seniors)
scenārija autors: Lapiņš Alvis
mūzikas autors: Brauns Mārtiņš
mākslinieks: Romanova Ieva",1993,35 mm kinolente,1:21:18,Latvija,AL KO,,,,,
LNA_KFFDA_F8_2_2021,Mana Rīga,dokumentālā filma,"Personisks stāsts par Rīgu un divdesmitgadīgiem rīdziniekiem, kas sākas ar uzrunu skatītājiem: ""Piedod, draugs, ja nespēšu tev izstāstīt visu par savu pilsētu. Vēsture nav bijusi skopa, gandrīz astoņus gadu simtus vijot Rīgas un rīdzinieku likteņus."" Filma, lai arī tajā netrūkst ideoloģisku nodevu padomju režīmam, interesanta ar atšķirīgo attieksmi, kopējo intonāciju un pirms pusgadsimta fiksēto Rīgas vidi. Kinokritiķi šo īsfilmu dēvē par pirmo impulsu Rīgas poētiskā dokumentālā kino skolas dzimšanai. Filma restaurēta ERAF projekta 1.kārtā 2018.gadā.",latviešu,melnbalts,"režisors: Brenčs Aloizs
operators: Gailis Vladimirs
scenārija autors: Lorencs Viktors
mūzikas autors: Grīnblats Romualds",1960,35 mm kinolente,0:21:23,Latvija,Rīgas kinostudija,,,,,
LNA_KFFDA_F8_2_2023,Baltie zvani,dokumentālā filma,"Ar spēlfilmas paņēmieniem veidots darbs, kas kļūst par pagrieziena punktu Latvijas kinomākslā un Rīgas poētiskā dokumentālā kino skolas aizsācēju. Poētiska eseja par mazas meitenītes ceļu 20. gadsimta 60. gadu Rīgā. Meitenītes lomā: Ilze Zariņa. Filma iekļauta 100 visu laiku labāko īsfilmu sarakstā un Latvijas Kultūras kanonā. Filma restaurēta ERAF projekta 1.kārtā 2018.gadā.",bez valodiska satura,melnbalts,"režisors: Kraulītis Ivars
operators: Brauns Uldis
scenārija autors: Franks Hercs
mūzikas autors: Žilinskis Arvīds",1961,35 mm kinolente,0:24:33,Latvija,Rīgas kinostudija,,,,,
LNA_KFFDA_F8_2_2026,Sākums,dokumentālā filma,"Filma par Pļaviņu HES celtniecību, izmantojot savdabīgu filmējumu un montāžu. Rīgas poētiskā dokumentālā kino skolas klasikas īsfilma. Filma restaurēta ERAF projekta 1.kārtā 2018.gadā.",latviešu,melnbalts,"operators, režisors: Brauns Uldis
scenārija autors: Lejiņš Armīns",1961,35 mm kinolente,0:10:47,Latvija,Rīgas kinostudija,,,,,
LNA_KFFDA_F8_2_2748,Mūžs,dokumentālā filma,"Ogres rajona kolhoza ""Lāčplēsis"" priekšsēdētāja Edgara Kauliņa kinoportrets. Filmā redzami Lielvārdes skati, arhīva kadri ar Otrā pasaules kara postījumiem un zemniekiem, kolhoza izveidi. Ābrama Kleckina vērtējumā šī filma apliecināja jaunu posmu Rīgas poētiskā dokumentālā kino skolas attīstībā: ""Tās būtība ir tieši sava laika un savas paaudzes cilvēka tēla mākslinieciska izpēte. Šeit patiesi pirmoreiz mūsu dokumentālajā kino cilvēks darbojas nevis funkcionāli, bet kā veselums, kā personība.""",latviešu,melnbalts,"režisors, scenārija autors: Franks Hercs
operators: Zalcmanis Kalvis
mūzikas autors: Dunajevskis Īzaks
mūzikas autors: Zariņš Marģeris
mūzikas autors: Pauls Raimonds
mūzikas autors: Jurjāns Andrejs
Mūzikas autori Rūdolfs Tobiass, P. Tombaks, G. Kotļarevskis, Vano Muradeli, Ūle Hojers.",1972,35 mm kinolente,0:21:32,Latvija,Rīgas kinostudija,,,,,
LNA_KFFDA_F8_2_3109,"Nostāsti
Gleznotāja Maija Tabaka",dokumentālā filma,"Gleznotājas Maijas Tabakas kinoportrets. Tēli Maijas Tabakas gleznās. Mākslinieces komentārs, viņas ikdiena, radošais process darbnīcā. Gleznotājas modeļi - dēls Aleksis, Regīna Razuma, Tatjana Bēma, Ansis Dāle, Eihmaņu ģimene u.c. Filma restaurēta ERAF projekta 2.kārtā 2022.gadā.",latviešu,krāsains,"režisors, scenārija autors: Franks Hercs
režisors, scenārija autors: Epners Ansis
operators: Nikolajevs Sergejs
mūzikas autors: Mocarts Volfgangs Amadejs
mūzikas autors: Bēthovens Ludvigs van
mūzikas autors: Bahs Johans Sebastians
Mūzikas autors Sezārs Franks, Tombergs.",1976,35 mm kinolente,0:10:39,Latvija,Rīgas kinostudija,,,,,
LNA_KFFDA_F8_2_3161,Ceturtā dimensija,dokumentālā filma,"Dzejnieka Ojāra Vācieša kinoportrets. Filma stāsta par Ojāra Vācieša daudzšķautņaino dzeju, viņa darbu sabiedriski politisko skanējumu. Filmas autori ieskatās Ojāra Vācieša iekšējā pasaulē, atklājot ceturto dimensiju dzejnieka personībā - dvēseles spārnu platumu. Grupa Menuets uzstājas Imantdienās ar dziesmu ""Piecas balādes par Matisonu”. Filma restaurēta ERAF projekta 2.kārtā 2021.gadā.",latviešu,melnbalts,"režisors, scenārija autors: Žurgina Laima
operators: Podnieks Juris
mūzikas autors: Vasks Pēteris
mūzikas autors: Kalniņš Imants
Dziesmu teksta autors Ojārs Vācietis.",1977,35 mm kinolente,0:10:42,Latvija,Rīgas kinostudija,,,,,
LNA_KFFDA_F8_2_3166,Raimonds Pauls. Portrets ar mūziku,dokumentālā filma,"Populārā komponista Raimonda Paula kinoportrets - ar mūziku, dziesmām un atklātu sarunu par popularitāti, vieglo un nopietno mūziku. Filma restaurēta ERAF projekta 2.kārtā 2021.gadā.",latviešu,melnbalts,"režisors, scenārija autors: Žurgina Laima
operators: Podnieks Juris
mūzikas autors: Pauls Raimonds
scenārija autors: Peters Jānis",1977,35 mm kinolente,0:20:42,Latvija,Rīgas kinostudija,,,,,
LNA_KFFDA_F8_2_3291,Vecāks par 10 minūtēm,dokumentālā filma,"Desmit minūtes kinokamera nenovērš skatu no trīs gadus veca puisēna, kurš skatās izrādi ""Doktors Aikāsāp"" Valsts Leļļu teātrī, un viņa mīmikā atspoguļojas visplašākā emociju gamma – izbrīns, bailes, ziņkāre, prieks –, kamēr mazā dvēselīte pārdzīvo labā un ļaunā cīņu, šo desmit minūšu laikā pieaugot pieredzē un emocionālā briedumā. Leģendāra filma Latvijas un arī pasaules dokumentālā kino vēsturē - vienā precīzi izskaitļotā kadrā bez montāžas filmēts bērna dvēseles portrets. Rīgas poētiskā dokumentālā kino skolas izcilākais paraugs. Filma restaurēta ERAF projekta 1.kārtā 2018.gadā.",bez valodiska satura,melnbalts,"režisors, scenārija autors: Franks Hercs
operators: Podnieks Juris
mūzikas autors: Gedravičs Ļudgards
mūzikas autors: Pauers Irži
Mūzikas autors V. Apanavičs.",1978,35 mm kinolente,0:10:08,Latvija,Rīgas kinostudija,,,,,
LNA_KFFDA_F8_2_3294,Sergejs Eizenšteins. Priekšvārds,dokumentālā filma,"Par kinorežisora Sergeja Eizenšteina Rīgā pavadītiem bērnības gadiem, kas atstājuši iespaidu uz viņa daiļradi. Filma restaurēta ERAF projekta 2.kārtā 2022.gadā.",latviešu,melnbalts,"režisors: Epners Ansis
operators: Apsītis Andrejs
scenārija autors: Dreibante Elvīra
scenārija autors: Trofimovs Rems
mūzikas autors: Vasks Pēteris",1978,35 mm kinolente,0:10:27,Latvija,Rīgas kinostudija,,,,,
LNA_KFFDA_F8_2_3295,Sergejs Eizenšteins. Post Scriptum,dokumentālā filma,Diloģijas otrā daļa par kinorežisora Sergeja Eizenšteina dzīvi un daiļradi. Tekstu lasa Uldis Lieldidžs. Filma restaurēta ERAF projekta 2.kārtā 2022.gadā.,latviešu,krāsains,"režisors, scenārija autors: Epners Ansis
operators: Apsītis Andrejs
scenārija autors: Borisovs Boriss
scenārija autors: Holcmanis Andrejs
mūzikas autors: Vasks Pēteris",1978,35 mm kinolente,0:19:52,Latvija,Rīgas kinostudija,,,,,
LNA_KFFDA_F8_2_3386,Imants Ziedonis. Portrets locījumos,dokumentālā filma,"Tautas dzejnieka Imanta Ziedoņa kinoportrets. ”Es esmu nolēmis par sevi pastāstīt pats,"" filmas sākumā saka dzejnieks. Šis emocionālais kinostāsts par sev tuvajiem cilvēkiem, par tiem, kam viņš pateicīgs, ar kuriem kādu gabalu kopā gājis un kaut ko paveicis. Pārdomas par dzīvi un cilvēka misiju ieved skatītāju dzejnieka pasaulē, atsedz viņa personības spēka un talanta avotus. Filma restaurēta ERAF projekta 2.kārtā 2021.gadā.",latviešu,melnbalts,"režisors, scenārija autors: Žurgina Laima
operators: Krūmiņš Ralfs
operators: Podnieks Juris
mūzikas autors: Kalniņš Imants
mūzikas autors: Brauns Mārtiņš
scenārija autors: Ziedonis Imants
Mūzikas autori: Eduards Artemjevs, Eugen Doga, R. Bojadzijevs, Frančesko Marija Veracīni",1979,35 mm kinolente,0:20:32,Latvija,Rīgas kinostudija,,,,,
LNA_KFFDA_F8_2_3466,Saruna ar karalieni,dokumentālā filma,"PSRS Tautas skatuves mākslinieces, teātra un filmu aktrises Vijas Artmanes kinoportrets. Filma veltīta mākslinieces 50 gadu jubilejai. Filma restaurēta ERAF projekta 1. kārtā 2018. gadā.",latviešu,krāsains,"režisors: Kalniņš Rolands
operators: Podnieks Juris
operators: Zalcmanis Kalvis
scenārija autors: Lorencs Viktors
mūzikas autors: Pauls Raimonds",1980,35 mm kinolente,0:21:19,Latvija,Rīgas kinostudija,,,,,
LNA_KFFDA_F8_2_3730,Atbalss,dokumentālā filma,"Filma par Mazsalacas vidusskolu rosina pārdomāt, kādas vērtības skola var ieaudzināt bērnam un kā tas vēlāk atskan jauna cilvēka dzīvē. Sagadīšanās vai ne, no Mazsalacas skolas nāk gan filmas režisors Ansis Epners, gan operators Kalvis Zalcmanis; filmas epizodēs starp absolventiem, nu jau lauksaimniecības darbiniekiem, ir arī aktrise Līga Liepiņa. Režisors Ansis Epners stāsta par savu bijušo Mazsalacas vidusskolu. Filmā skan Andra Kārkliņa un Solvitas Kraujas dziesmas ar Anša Epnera un Ojāra Vācieša vārdiem.",latviešu,krāsains,"režisors, scenārija autors: Epners Ansis
operators: Zalcmanis Kalvis
mūzikas autors: Kārkliņš Andris",1983,35 mm kinolente,0:20:22,Latvija,Rīgas kinostudija,,,,,
LNA_KFFDA_F8_2_3877,Neglītais pīlēns - cilvēka bērns,dokumentālā filma,"Par Mazirbes internātpalīgskolas zīmēšanas skolotāju Andri Grinbergu un viņa audzēkņiem, kurus viņš māca pēc eksperimentālas, terapeitiskas programmas. Ar mākslas palīdzību veidojot ciešu saikni ar apkārtējo vidi, skolēni atrod arī ceļu paši pie sevis.",latviešu,krāsains,"režisors: Žurgina Laima
operators: Zalcmanis Kalvis
scenārija autors: Kosteņecka Marina
mūzikas autors: Brauns Mārtiņš
mūzikas autors: Mocarts Volfgangs Amadejs
mūzikas autors: Vivaldi Antonio
mūzikas autors: Bahs Johans Sebastians",1985,35 mm kinolente,0:20:48,Latvija,Rīgas kinostudija,,,,,
LNA_KFFDA_F8_2_3882,Virsdiriģenti,dokumentālā filma,"Filma ataino 1985. gada Dziesmu svētkus, centrā izvirzot koru virsdiriģentus. Filmā redzami diriģenti Ausma Derkēvica, Imants Cepītis, Imants Kokars, Gido Kokars, Edgars Račevskis, Jānis Dūmiņš, Ilgvars Matrozis, Daumants Gailis, Pauls Kvelde, Haralds Mednis.",latviešu,krāsains,"režisors, scenārija autors: Epners Ansis
operators: Zalcmanis Kalvis
mūzikas autors: Vīgners Ivars
mūzikas autors: Kalniņš Imants
mūzikas autors: Melngailis Emilis
mūzikas autors: Dārziņš Emīls",1985,35 mm kinolente,0:10:19,Latvija,Rīgas kinostudija,,,,,
LNA_KFFDA_F8_2_3941,Džemma,dokumentālā filma,"Filma-monologs, kura galvenā varone ir gleznotāja un sabiedriskā darbiniece Džemma Skulme.",latviešu,krāsains,"režisors, scenārija autors: Žurgina Laima
operators: Veiss Uldis
operators: Zalcmanis Kalvis",1986,35 mm kinolente,0:20:52,Latvija,Rīgas kinostudija,,,,,
LNA_KFFDA_F8_2_4139,Jānis Peters un mūsu laiks,dokumentālā filma,"Par dzejnieku, esejistu, sabiedrisko darbinieku, Latvijas trešās atmodas aizsācēju. Jānis Peters savā piecdesmit gadu apritē, sava dzīves ceļa un sabiedrības procesu analīzē. Filma restaurēta ERAF projekta 2.kārtā 2021.gadā.",latviešu,melnbalts,"režisors, scenārija autors: Veldre Biruta
operators: Boikovs Igors
operators: Egle Uģis
operators: Jaunzems Ints
operators: Kotovičs Oļegs
operators: Krūmiņš Ralfs
operators: Pjatkins Anatolijs
operators: Veiss Uldis
operators: Silenieks Andris
operators: Zalcmanis Kalvis
scenārija autors: Misiņa Māra
mūzikas autors: Vasks Pēteris
mūzikas autors: Kalniņš Imants
mūzikas autors: Kalsons Romualds
Leonīds Breikšs - vārdi dziesmai Lūgšana.",1989,35 mm kinolente,0:41:27,Latvija,Rīgas kinostudija,,,,,
LNA_KFFDA_F8_2_4261,Misija,dokumentālā filma,"Filma veltīta pasaulslavenajam diriģentam Marisam Jansonam. Mūzika ir viņa misija. Filma seko diriģentam mēģinājumos un koncertos Pēterburgā, Berlīnē, Oslo un diriģenta ģimenes dzīvoklī Pēterburgā. Filmā skan fragmenti no Gustava Mālera 1. simfonijas un Ektora Berlioza ""Fantastiskās simfonijas"" Ļeņingradas Akadēmiskā simfoniskā orķestra izpildījumā un Riharda Štrausa simfoniskās poēmas ""Dons Žuans"" Oslo Filharmonijas simfoniskā orķestra izpildījumā.","latviešu, krievu, angļu, vācu, norvēģu","krāsains, melnbalts","režisors, scenārija autors: Celma Rūta
operators: Veiss Uldis
mūzikas autors: Berliozs Ektors
mūzikas autors: Štrauss Rihards
mūzikas autors Gustavs Mālers",1989,35 mm kinolente,0:34:11,Latvija,Rīgas kinostudija,,,,,
LNA_KFFDA_F10_2_5357,Jāzeps Rancāns. Baltais bīskaps ar rudzupuķi,dokumentālā filma,"Filma veltīta pirmās Latvijas Republikas pēdējam likumīgajam prezidentam, bīskapam Jāzepam Rancānam.",latviešu,"krāsains, melnbalts","režisors, scenārija autors: Pipars Romualds
operators: Gribermans Viktors
operators: Kotovičs Oļegs
scenārija autors: Šteina Baiba
producents: Urbāne Baiba",1996,35 mm kinolente,0:27:59,Latvija,Rīgas dokumentālo filmu studija,,,,,
LNA_KFFDA_F39_1_12,Šķērsiela,dokumentālā filma,"Šķērsiela ir maza, tikai 800 metrus gara ieliņa Rīgas nomalē, un tās dažādie iedzīvotāji ar saviem likteņiem, ikdienas gaitām un kaimiņu attiecībām veido sabiedrības mikromodeli 20. gadsimta 80. gadu nogalē, dažus gadus pirms Latvijas neatkarības atjaunošanas. Izteiksmīgi raksturi, sirsnīgi ironiska aizkadra balss, patiesa interese un iejūtīga autoru attieksme pret filmas varoņiem. Viena no pazīstamākajām un titulētākajām filmām Latvijas kino vēsturē - Eiropas Kinoakadēmijas balva ""Fēlikss"" par labāko dokumentālo filmu Eiropā un citas prestižas starptautiskas balvas, ""Lielais Kristaps"" par labāko dokumentālo filmu Latvijā, filma iekļauta Latvijas kultūras kanonā. Pirmajai filmai seko divi turpinājumi – "" Jaunie laiki Šķērsielā"" (1999) un ""Kapitālisms Šķērsielā"" (2013), veidojot dokumentālu kinoromānu.","latviešu, krievu",krāsains,"operators, režisors: Seleckis Ivars
scenārija autors: Margēvičs Tālivaldis
mūzikas autors: Vīgners Ivars",1988,35 mm kinolente,1:31:29,Latvija,Rīgas kinostudija,,,,,
LNA_KFFDA_F39_1_13,Jaunie laiki Šķērsielā,dokumentālā filma,"Pirmās filmas ""Šķērsiela"" darbība risinājās 1988. gadā, kad Latvijā sākās cīņa par nacionālo neatkarību. Pēc desmit gadiem filmas autori atkal atgriezušies mazajā Rīgas nomales ieliņā. Šķērsiela ir kā Latvijas plauksta, kur jebkura zīlniece var saskatīt likteņlīnijas. Šķērsielai cauri izgājuši mērnieki. Zemi kaut kā sadalīja un pārdalīja, bet iemērīt kādam lielāku gabalu dvēseles miera nav mērnieku spēkos. Mainījušies ne tikai kaimiņu īpašumi un rocība, citādi ievirzījušās attiecības pat ģimeņu ietvaros. Balva ""Lielais Kristaps"" par labāko dokumentālo filmu Latvijā, balva ""Sudraba spice"" starptautiskajā dokumentālo filmu festivālā ""Golden Gate Awards"" ASV, 1. vieta un balva Minhenes starptautiskajā filmu festivālā Vācijā un citas starptautiskas godalgas.",latviešu,krāsains,"operators, režisors: Seleckis Ivars
scenārija autors: Margēvičs Tālivaldis
producents: Urbāne Baiba
mūzikas autors: Vīgners Ivars
producents: Bērziņš Leonīds",1999,35 mm kinolente,1:26:39,Latvija,Eiropas dokumentālā kino simpoziji,,,,,
LNA_KFFDA_F39_1_496,Krasts,dokumentālā filma,"Poētisks stāsts par Latvijas piekrastes zvejnieku dzīvi un darbu. Rīgas poētiskā dokumentālā kino skolai piederīga filma, kurā ļaušanās it kā vienmuļajam un periodiskajam zvejnieku dzīves ritma atainojumam, uzmanība pret detaļām kļūst par neatkārtojamu poēziju un savdabīgu dzīves filozofiju. Filma restaurēta ERAF projekta 1.kārtā 2018.gadā.",latviešu,melnbalts,"režisors, scenārija autors: Freimanis Aivars
operators: Seleckis Ivars",1963,35 mm kinolente,0:20:49,Latvija,Rīgas kinostudija,,,,,
LNA_KFFDA_F8_2_2189,Ki-ke-ri-gū!,animācijas filma,"Pirmā Latvijas leļļu animācijas filma, kuru veidojis leļļu animācijas žanra Latvijā pamatlicējs Arnolds Burovs (1915-2006). Filma veidota pēc latviešu tautas pasaku motīviem un stāsta par to, kā bagātais kungs nozadzis nabaga zemniekam burvju dzirnavas. Kā jau pasakā, viss beidzas laimīgi, zemniekam tās izdodas atgūt ar uzticamu draugu – suņuka un gaiļa – palīdzību.",latviešu,krāsains,"režisors, scenārija autors, mākslinieks: Burovs Arnolds
operators: Trups Pēteris
mūzikas autors: Kaminskis Valters",1966,35 mm kinolente,0:09:56,Latvija,Rīgas kinostudija,,,,,
LNA_KFFDA_F8_2_2361,Puķu Ansis,animācijas filma,"Pēc latviešu tautas pasakas motīviem veidota leļļu filma par dārznieka dēlu Ansi, kurš mantojumā saņem krūku ar puķu sēklām un tēva novēlējumu – gādāt ļaudīm skaistumu un prieku. Viena no poētiskākajām Arnolda Burova animācijas filmām. Teicējs Harijs Misiņš.",latviešu,krāsains,"režisors, mākslinieks: Burovs Arnolds
operators: Trups Pēteris
mūzikas autors: Vīgners Ivars
scenārija autors: Vanags Jūlijs
mākslinieks: Cīlītis Gunārs",1968,35 mm kinolente,0:10:22,Latvija,Rīgas kinostudija,,,,,
LNA_KFFDA_F8_2_2362,Dullais Dauka,animācijas filma,"Leļļu filma pēc Sudrabu Edžus stāsta ""Dullais Dauka"" motīviem. Dauka ir mazs zvejniekciema puika, apveltīts ar neizsīkstošu zinātkāri. Viņš uzdod it kā vienkāršus jautājumus: kur paliek saule vakaros, kad tā iegrimst jūrā? Vai tiesa, ka zeme ir apaļa un griežas? Ierunājusi Vera Singajevska.",latviešu,krāsains,"režisors: Burovs Arnolds
operators: Trups Pēteris
mūzikas autors: Dambis Pauls
scenārija autors: Belševica Vizma
mākslinieks: Cīlītis Gunārs",1968,35 mm kinolente,0:10:23,Latvija,Rīgas kinostudija,,,,,
LNA_KFFDA_F8_2_2363,Tīģeris Ņau-Ņau,animācijas filma,"Leļļu filma ar audzinošu akcentu: mazs zēns nesaudzē rotaļlietas un nejauki izturas pret savu kaķēnu, un nokaitinātais burvju mākslinieks pārvērš zēnu par lelli. Nu kaķēns kļuvis par tīģeri un zēnam jāglābjas no zvēra... Zēna lomā Guntis Jaunzems.",latviešu,krāsains,"režisors, scenārija autors: Burovs Arnolds
operators: Trups Pēteris
mūzikas autors: Jakovļevs Igors
mākslinieks: Cīlītis Gunārs",1967,35 mm kinolente,0:09:27,Latvija,Rīgas kinostudija,,,,,
LNA_KFFDA_F8_2_2510,Bums un Piramidons,animācijas filma,"Leļļu filma par mednieku Bumu un viņa uzticamo draugu - sunīti Piramidonu. Abi draugi vienmēr gatavi palīdzēt zvēriem, putniem, maziem bērniem un visiem neaizsargātajiem.",latviešu,krāsains,"režisors, scenārija autors, mākslinieks: Burovs Arnolds
operators: Milbrets Jānis
mūzikas autors: Jakovļevs Igors",1969,35 mm kinolente,0:09:17,Latvija,Rīgas kinostudija,,,,,
LNA_KFFDA_F8_2_2511,Pasaka par vērdiņu,animācijas filma,"Leļļu filma pēc Kārļa Skalbes ""Pasakas par vērdiņu"". Nabaga pirtnieks Ansis negaidot kļuva par neiztērējama vērdiņa īpašnieku un visu dzīvi veltīja krāšanai, cerot gūt laimi. Taču viņš nepamanīja, kā laime pagāja secen. Teicējs Harijs Misiņš.",latviešu,krāsains,"režisors, scenārija autors: Burovs Arnolds
operators: Trups Pēteris
scenārija autors: Saulītis Bruno
mūzikas autors: Kalniņš Imants
mākslinieks: Cīlītis Gunārs",1969,35 mm kinolente,0:17:49,Latvija,Rīgas kinostudija,,,,,
LNA_KFFDA_F8_2_4482,Ragainais māls,animācijas filma,"Filmas varoņi ir Latgales lietišķās mākslas meistars Antons Šmulāns un viņa veidotie keramikas velniņi. Leļļu filmas pasaku epizodes mijas ar dokumentāliem kadriem. Piedalās aktieri Ēvalds Valters, Vaironis Jakāns, Maiga Mainiece, Jānis Zenne. Teicējs Harijs Misiņš.",latviešu,krāsains,"režisors: Burovs Arnolds
operators: Milbrets Jānis
mūzikas autors: Plakidis Pēteris
scenārija autors: Ļūdēns Vitauts
mākslinieks: Balodis Gunārs",1971,35 mm kinolente,0:16:18,Latvija,Rīgas kinostudija,,,,,
LNA_KFFDA_F36_1_22,Si-si-dra,animācijas filma,"""Si-si-dra"" atšifrējumā nozīmē sivēns sivēnam draugs. Leļļu filma vēsta par neaudzinātu zēnu, kas steidzas uz draudzenes dzimšanas dienu. Zēns spļaudās, zīmē uz māju sienām, norauj iesaiņojuma papīru no ziediem un nomet to zemē. Papīrs pārvēršas par tīru, pieklājīgu sivēntiņu, kas dzejoļu vārsmās zēnam skaidro, kā bērnam jāuzvedas, lai viņu nesauktu par sivēnu. Lomas ieskaņojušas Vera Singajevska, Velta Skurstene.",latviešu,krāsains,"režisors, scenārija autors: Burovs Arnolds
operators: Trups Pēteris
mūzikas autors: Vīgners Ivars
scenārija autors: Peters Jānis
mākslinieks: Bērziņš Gunārs",1977,35 mm kinolente,0:09:43,Latvija,Rīgas kinostudija,,,,,
LNA_KFFDA_F36_1_27,Vanadziņš,animācijas filma,"Mazā zvejnieku būdiņā mitinās kaķēns un mazs puika, kuru tētis iesaucis par Vanadziņu. Trijotne dzīvo nabadzīgi, bet laimīgi, tēvs katru dienu iet jūrā zvejot zivis, līdz saceļas vētra un tētis nepārnāk... Pēc Viļa Lāča stāsta motīviem veidotā leļļu filma uzskatāma par vienu no izteiksmes ziņā lakoniskākajiem un spēcīgākajiem Arnolda Burova darbiem, kur sižetiskā darbība un emocionālais piesātinājums centrējas ap trim galvenajiem varoņiem, panākot izcilu raksturu niansētību un emocionalitāti. Filma ""Vanadziņš"" ir vienīgais animācijas darbs, kas iekļauts Latvijas kultūras kanonā. Teicējs Uldis Dumpis.",latviešu,krāsains,"režisors, scenārija autors: Burovs Arnolds
operators: Trups Pēteris
scenārija autors: Rokpelnis Jānis
mūzikas autors: Kalniņš Imants
mākslinieks: Cīlītis Gunārs",1978,35 mm kinolente,0:15:38,Latvija,Rīgas kinostudija,,,,,
LNA_KFFDA_F40_1_1,Pieci kaķi,animācijas filma,"Aplikācijas tehnikā veidota multiplikācijas filma pēc latviešu tautas pasakas motīviem, kā kaķi brauca pēc malkas. Filma restaurēta ERAF projekta 2.kārtā 2022.gadā.",latviešu,krāsains,"režisors, scenārija autors: Stiebra Roze
mūzikas autors: Vīgners Ivars
mākslinieks: Dimiters Juris
mākslinieks: Rozenbergs Pēteris
operators: Bērziņš Ansis
operators: Varkalis K.",1971,35 mm kinolente,0:07:43,Latvija,Dauka,,,,,
LNA_KFFDA_F40_1_6,Zelta sietiņš,animācijas filma,"Zīmētās animācijas multfilma. Filma-albums domāta pašiem mazākajiem skatītājiem. Animācijas filmas pamatā ir Raiņa dzejoļi ""Zelta sietiņš"", ""Mākonītis un mākonīte"" un ""Saule un mēness"" - latviešu bērnu literatūras klasika. Mūziku izpilda ansamblis ""Menuets"" Jāņa Blūma vadībā. Filma restaurēta ERAF projekta 2.kārtā 2021.gadā.",latviešu,krāsains,"režisors, scenārija autors: Stiebra Roze
operators: Bergs Žanis
mūzikas autors: Kalniņš Imants
mākslinieks: Polis Miervaldis
mākslinieks animators: Špalte Maija
mākslinieks animators: Aulmane Dzintra",1975,35 mm kinolente,0:09:30,Latvija,Telefilma-Rīga,,,,,
LNA_KFFDA_F40_1_18,Kabata,animācijas filma,"Animācijas filma veidota pēc Ojāra Vācieša dzejas motīviem. Dzied Emīla Dārziņa speciālās mūzikas vidusskolas zēnu koris, diriģents Jānis Ērenštreits. Filma restaurēta ERAF projekta 2.kārtā 2021.gadā.",latviešu,krāsains,"režisors, scenārija autors: Stiebra Roze
operators: Freimanis Ģirts
mūzikas autors: Kalniņš Imants
mākslinieks: Eglīte Laima
mākslinieks animators: Gulbe Dace
mākslinieks animators: Brence Maija
mākslinieks animators: Pērse Inese
mākslinieks animators: Pāvula Astra
mākslinieks animators: Grīnbergs Andris
mākslinieks animators: Kārkliņš Jānis
mākslinieks animators: Lauriņa Dagmāra
mākslinieks animators: Kreica Ruta
mākslinieks animators: Šmite Ieva
mākslinieks animators: Purviņa Maija Viktorija
teksta autors: Vācietis Ojārs",1983,35 mm kinolente,0:09:23,Latvija,Telefilma-Rīga,,,,,
LNA_KFFDA_F40_1_20,Laimes lācis,animācijas filma,"Animācijas filma veidota pēc Andreja Upīša stāsta ""Sūnu ciema zēni"" un satīrisko fabulu motīviem. Dziesmas ar Ineses Zanderes vārdiem izpilda Olga Rajecka. Filma restaurēta ERAF projekta 2. kārtā 2021. gadā.",latviešu,krāsains,"režisors, scenārija autors: Stiebra Roze
operators: Gulbe Austra
mūzikas autors: Kalniņš Imants
teksta autors: Upīts Andrejs
mākslinieks: Lauriņa Dagmāra
mākslinieks: Kārkliņš Jānis
mākslinieks animators: Brence Maija
mākslinieks animators: Šmite Ieva
mākslinieks animators: Gvozdeva Tatjana
teksta autors: Zandere Inese
izpildītājs: Rajecka Olga",1985,35 mm kinolente,0:09:54,Latvija,Dauka,,,,,
LNA_KFFDA_F40_1_52,Aicinājums. Cikls Pasaciņas,animācijas filma,Latviešu dzejnieces Aspazijas dzejas poēzija šajā īsfilmā atklājas mazas meitenītes Laimiņas brīnišķīgajā iztēlē. Tekstu lasa Vera Singajevska. Filma restaurēta ERAF projekta 2.kārtā 2022.gadā.,latviešu,krāsains,"režisors, scenārija autors: Stiebra Roze
operators: Milbrets Jānis
teksta autors: Aspazija
mūzikas autors: Krenbergs Anrijs
mākslinieks: Aulmane Dzintra
mākslinieks animators: Lauriņa Dagmāra",1994,35 mm kinolente,0:02:08,Latvija,Dauka,,,,,
LNA_KFFDA_F40_1_53,Bukurags. Cikls Pasaciņas,animācijas filma,"Friča Bārdas dzejoļa ekranizācija. Iet pa ceļu mazs auniņš, tāds lepns auniņš, ļoti uzpūtīgs auniņš, iet, skatās gaisā, nevienam ceļu negriež. Filma restaurēta ERAF projekta 2.kārtā 2022.gadā.",latviešu,krāsains,"režisors, scenārija autors: Stiebra Roze
operators: Milbrets Jānis
mūzikas autors: Krenbergs Anrijs
teksta autors: Bārda Fricis
mākslinieks: Aulmane Dzintra
mākslinieks animators: Ruska Ilze",1994,35 mm kinolente,0:02:07,Latvija,Dauka,,,,,
